{
  "intrinsics": {
    "fx": 622.8507437635265,
    "fy": 622.5120363656757,
    "cx": 318.04714183222177,
    "cy": 251.37505710212812,
    "width": 640,
    "height": 480,
    "distortion_coeffs": [
      [
        0.15706643878425136,
        -0.588265980389878,
        0.008673924912706096,
        -0.009199593067823805,
        0.4288509769226812
      ]
    ]
  },
  "camera_matrix": [
    [
      622.8507437635265,
      0.0,
      318.04714183222177
    ],
    [
      0.0,
      622.5120363656757,
      251.37505710212812
    ],
    [
      0.0,
      0.0,
      1.0
    ]
  ],
  "dist_coeffs": [
    [
      0.15706643878425136,
      -0.588265980389878,
      0.008673924912706096,
      -0.009199593067823805,
      0.4288509769226812
    ]
  ],
  "extrinsics": {
    "rotation_matrix": [
      [
        1.0,
        0.0,
        0.0
      ],
      [
        0.0,
        1.0,
        0.0
      ],
      [
        0.0,
        0.0,
        1.0
      ]
    ],
    "translation_vector": [
      136.4596405029297,
      -13.366348266601562,
      -61.0
    ]
  }
}