{
  "intrinsics": {
    "fx": 622.8507437635265,
    "fy": 622.5120363656757,
    "cx": 318.04714183222177,
    "cy": 251.37505710212812,
    "width": 640,
    "height": 480,
    "distortion_coeffs": [
      [
        0.15706643878425136,
        -0.588265980389878,
        0.008673924912706096,
        -0.009199593067823805,
        0.4288509769226812
      ]
    ]
  },
  "camera_matrix": [
    [
      622.8507437635265,
      0.0,
      318.04714183222177
    ],
    [
      0.0,
      622.5120363656757,
      251.37505710212812
    ],
    [
      0.0,
      0.0,
      1.0
    ]
  ],
  "dist_coeffs": [
    [
      0.15706643878425136,
      -0.588265980389878,
      0.008673924912706096,
      -0.009199593067823805,
      0.4288509769226812
    ]
  ],
  "extrinsics": {
    "rotation_matrix": [
      [
        -0.9996026754379272,
        0.02452380582690239,
        0.013899639248847961
      ],
      [
        -0.025791719555854797,
        -0.9946634769439697,
        -0.09989675134420395
      ],
      [
        0.011375614441931248,
        -0.10021554678678513,
        0.9949007034301758
      ]
    ],
    "translation_vector": [
      201.1932373046875,
      -29.232189178466797,
      -69.62185668945312
    ]
  },
  "handeye": {
    "R_ee2cam": [
      [
        0.9972992720034674,
        0.0024730727049581186,
        0.07340331036642701
      ],
      [
        0.004849736719720869,
        0.9950341841533957,
        -0.09941555421530167
      ],
      [
        -0.07328466493819434,
        0.09950304657437471,
        0.9923348737232379
      ]
    ],
    "t_ee2cam": [
      -134.3899150377332,
      -1.1426078241074438,
      9.826392190533534
    ]
  }
}